{"cameraMode":{"drawMode":0,"name":"Shaded","section":"Shading Mode"},"sceneLighting":true,"audioPlay":false,"sceneViewState":{"showFog":true,"showMaterialUpdate":false,"showSkybox":true,"showFlares":true,"showImageEffects":true,"showParticleSystems":true},"in2DMode":false,"pivot":{"x":29.99831199645996,"y":1.7940773963928223,"z":-18.0848331451416},"rotation":{"x":0.30305972695350649,"y":0.6338932514190674,"z":-0.29711729288101199,"w":0.6465741395950317},"size":3.3170506954193117,"orthographic":false}