{"cameraMode":{"drawMode":0,"name":"Shaded","section":"Shading Mode"},"sceneLighting":true,"audioPlay":false,"sceneViewState":{"showFog":true,"showMaterialUpdate":false,"showSkybox":true,"showFlares":true,"showImageEffects":true,"showParticleSystems":true},"in2DMode":false,"pivot":{"x":34.84507751464844,"y":-22.308780670166017,"z":20.627851486206056},"rotation":{"x":0.27854588627815249,"y":0.5432227849960327,"z":-0.19724012911319734,"w":0.7670795917510986},"size":73.40103149414063,"orthographic":false}