{"cameraMode":{"drawMode":0,"name":"Shaded","section":"Shading Mode"},"sceneLighting":true,"audioPlay":false,"sceneViewState":{"showFog":true,"showMaterialUpdate":false,"showSkybox":true,"showFlares":true,"showImageEffects":true,"showParticleSystems":true},"in2DMode":false,"pivot":{"x":-20.05818748474121,"y":-9.982008934020996,"z":-26.54294776916504},"rotation":{"x":-0.25320619344711306,"y":-0.6707912683486939,"z":0.263121634721756,"w":-0.6455274224281311},"size":29.351167678833009,"orthographic":false}