{"cameraMode":{"drawMode":0,"name":"Shaded","section":"Shading Mode"},"sceneLighting":false,"audioPlay":false,"sceneViewState":{"showFog":true,"showMaterialUpdate":false,"showSkybox":true,"showFlares":true,"showImageEffects":true,"showParticleSystems":true},"in2DMode":false,"pivot":{"x":-1.110982060432434,"y":1.0317630767822266,"z":0.7585960626602173},"rotation":{"x":-0.0765305832028389,"y":0.888265073299408,"z":-0.16055092215538026,"w":-0.4234952926635742},"size":3.045234203338623,"orthographic":false}