{"cameraMode":{"drawMode":0,"name":"Shaded","section":"Shading Mode"},"sceneLighting":false,"audioPlay":false,"sceneViewState":{"showFog":true,"showMaterialUpdate":false,"showSkybox":true,"showFlares":true,"showImageEffects":true,"showParticleSystems":true},"in2DMode":false,"pivot":{"x":0.6989300847053528,"y":1.626767635345459,"z":0.6033957004547119},"rotation":{"x":0.052970580756664279,"y":0.9367341995239258,"z":-0.3055528700351715,"w":0.16234858334064485},"size":4.041658401489258,"orthographic":false}